track,frame_idx,instance.score,head.x,head.y,head.score,mouthhooks.x,mouthhooks.y,mouthhooks.score,body.x,body.y,body.score,tail.x,tail.y,tail.score,spiracle.x,spiracle.y,spiracle.score
1,199,,165.3740565086698,333.67245699917964,,163.38835546501548,326.54754402614236,,153.20520690353055,291.1988716880978,,161.6306766636305,256.8318964280443,,164.47602245174272,249.19958242469585,
2,199,,180.96267553095905,325.16157564065225,,175.7957763671875,319.42706298828125,,167.85496520996094,288.4947509765625,,184.52057987137954,247.21654673760924,,186.2370058317539,243.80555319382725,
3,199,,351.1658470141151,234.93410951942428,,344.9694446501664,243.7698768938062,,321.2856026000639,280.3289512160098,,294.91378818868657,316.29037369633664,,290.62069495482024,310.05048000431424,
4,199,,317.5869095561328,353.64918211860436,,320.7582155965057,347.04961599716256,,327.1447448730469,303.5833435058594,,350.04948755886005,281.23033208208454,,357.1201028337676,279.3576126708309,
5,199,,370.5027753,299.04120304447486,,372.49091536521337,292.6972718,,399.4611816,304.1541442871094,,402.1522845249571,333.8281782,,402.1582723382597,342.46513314665765,
6,199,,389.73687532866484,293.2272023438276,,397.8796647861051,293.2168497320529,,439.0441390484553,289.64716771457745,,454.0249848837501,319.0823197226847,,456.2846475424077,324.23248212703487,
7,199,,404.2468460015823,352.53165457941043,,403.3062134509465,362.98736663328225,,428.7984583908824,392.4642519372032,,468.3334556113691,411.2019776973524,,474.0216612570749,406.8416991488211,
8,199,,587.2509396257497,338.8644994806487,,579.3105239118664,334.49622270925255,,537.5693846376666,337.2786439907657,,504.3821124026749,356.11339882555404,,498.6444930801091,359.38281037984956,
9,199,,583.9658243,326.2713665654212,,590.8015664,331.1782477240789,,623.2784440608241,340.6663973537565,,643.3287280923925,379.4046992794424,,645.4245720777965,387.4113960660466,
10,199,,714.4791204,417.8570082,,704.3001789309087,416.5289191,,665.8279526044929,385.03246573479476,,648.7243747186803,348.0897249700061,,647.9432126973163,341.50722288607204,
11,199,,868.8685321155473,266.60024516580484,,857.9834064091566,264.5685061286856,,822.8055918607575,262.57583693750985,,787.6691603746676,277.34546191805606,,780.5637618435808,278.31907906013635,
12,199,,861.1041945305823,353.37983793983744,,857.1414736992789,344.2777177674085,,851.7625307608574,309.5581460604069,,860.5529835526644,279.81649864119646,,868.4584694794074,272.1597928084941,
13,199,,856.5622944787659,380.60773401879015,,855.7645765723958,371.2586283727966,,874.3497144032247,340.24346734860814,,914.2592139583932,313.90095013937423,,918.8748639936697,312.8254797907365,
1,312,,158.6649083,330.79112447401883,,156.92590253293437,318.2733492096202,,152.0060635260957,289.3958577621951,,162.0819158075789,256.6843287122837,,164.32863824574153,251.74604803876596,
2,312,,173.0155946290252,357.06134617832447,,173.3973811749445,347.8571226757783,,170.95829097133446,303.9643249511719,,173.77420224705986,263.6991674530055,,175.4820355198556,258.4308161454475,
3,312,,340.01549019084564,404.6348216202619,,340.60889945759186,398.05158506503193,,337.2975087266169,357.29403448439314,,318.2612713443288,324.58245345619935,,317.1451264818794,315.4694009489293,
4,312,,227.07931886589353,272.2158771299072,,233.13540690753644,272.9337163078038,,270.43959640536184,276.1183235356849,,302.7191647248463,276.3397556835994,,305.6512449316653,274.01886820448647,
5,312,,334.7434861823817,207.3593019215317,,339.56276191936126,210.9963003696292,,361.46645403911697,239.3627224102289,,380.06116996540436,263.3203,,382.74886315066186,266.7287621464662,
6,312,,369.13490776390336,304.83655848777505,,374.0909328,300.98658794173195,,409.21964342028275,289.2267177469438,,447.88527087598004,296.8775466631969,,452.95501160809306,299.3901094,
7,312,,398.13147210740374,485.05668654047315,,400.0268555,476.0331980851057,,409.74991082810686,436.0551710195675,,432.2513762282807,401.00901542438874,,443.3086126,396.1149390007956,
8,312,,692.6079913158585,307.79427797772433,,684.2470041026957,310.8470037289445,,657.7973300207565,332.81954121689614,,621.8183645720544,315.84341908452006,,620.3105218587265,313.34304994600484,
9,312,,566.2787677181711,413.99702733429194,,566.4219944112594,405.8601000011395,,554.4362887670276,367.59959957342323,,560.1964976456525,328.6554289626557,,562.8910092678857,323.49109390708185,
10,312,,662.0693836773905,404.51857036360695,,664.1245727539062,395.7298278808594,,642.4867941440432,358.93631302993015,,611.6059904860931,328.2530063987632,,607.841934,324.7111102050409,
11,312,,945.3046856636337,331.0257511518731,,945.4081230115726,323.10326597612726,,906.3985498007855,306.7549272879342,,862.2149251247545,296.01329296062215,,853.0440166,290.8972103485019,
12,312,,932.0464493131051,291.07076599920487,,923.5612586442073,294.4762556650736,,881.2629185439193,285.8017063857163,,842.0124442021397,275.9736184,,837.0438489722371,271.40566361939557,
13,312,,838.0556354613784,290.6470021196661,,844.7353143385133,294.96603814372963,,872.0492067326636,323.92959882199517,,917.5758344313551,321.0444631751578,,929.4164921922354,324.15029778679013,
1,549,,144.16974649009077,323.3477908840284,,147.12751799166094,317.0162369051713,,156.3901971106356,283.7105381008093,,161.3809957693653,242.24757411960655,,164.2220444295662,236.11202684888497,
2,549,,176.13742620923716,284.2779984319475,,176.09174972027762,278.91970670147396,,177.02127610036524,251.76135987443445,,189.9859309958831,227.9704177237573,,191.70509284965405,225.43141227729907,
3,549,,392.86089830782004,272.57262250184976,,394.07880890674204,279.67607541489815,,379.18298351022383,320.4657902420673,,377.9512736561617,359.51148640276256,,387.0008710365197,366.36910446218644,
4,549,,162.74488442342118,313.84849411439745,,168.82168487125165,309.94469451156874,,215.87022399902344,283.8004455566406,,250.44639533988845,276.0496636438515,,255.06756100161803,276.33646784307024,
5,549,,470.0165397272574,191.87283325195312,,461.44053418131296,193.5741180089727,,432.0469346000809,211.05132593098543,,402.8849641396258,228.05919996632548,,399.7919421704469,231.60413573530437,
6,549,,362.06949472950913,272.12018990430624,,362.3536133818528,280.26713847066935,,373.8038545266133,297.1668152251894,,381.61329678825496,254.9621812869347,,382.1392595898982,249.59929749206168,
7,549,,394.4568522442181,499.9042614602846,,397.11902846139674,489.4750721482438,,407.2048306821386,443.5229360098043,,424.27091444772486,413.4772809154789,,434.1327614839877,408.0368858452439,
8,549,,799.3200425,289.4454373552102,,790.1041506,288.1406772151237,,751.7472534179688,312.0980224609375,,718.2142245257191,332.68986187568913,,710.7537056098374,326.29381694327697,
9,549,,596.5023240068589,426.3050020567713,,591.3675818734813,420.0330669440551,,566.8523277749138,389.7428471311207,,553.3659011,357.1386413378482,,552.217365,350.52869590442754,
10,549,,663.7723519658931,403.44055816790706,,656.9118395939969,397.22505278558833,,640.5111499247937,358.13498774806897,,667.9484252929688,319.6162973345178,,670.1260952885069,317.59195406157414,
11,549,,1260.1248895327928,362.8512222823108,,1254.2459304475271,354.30176047565163,,1217.855572089002,337.0401799,,1175.5851041399358,314.07581506931706,,1172.5211106088645,311.1670261880854,
12,549,,1121.1338244426527,353.54790235228177,,1113.1477948516383,353.62343587613265,,1063.8479957654836,344.3428281776774,,1029.2424069408526,307.88335774533374,,,,
13,549,,559.1617718944808,342.8155176564737,,561.4454009075359,333.15850647373213,,600.5357147016517,330.35099809165814,,639.9171934967461,325.9226322997916,,644.7086289511515,321.0137989558856,
1,613,,181.4388108953909,282.6763052733175,,173.22324604582258,277.2719410580044,,158.16826929943048,250.27967276797466,,164.2444623,219.53308245369257,,165.68560948905656,216.52722946601432,
2,613,,168.28755104047977,255.8929595947266,,175.93723444496376,252.12433532850545,,182.4077412,235.18839256439287,,180.83166951587864,198.78076395715806,,,,
3,613,,384.07112611220214,226.77540983330772,,384.3665166348189,235.6636302992991,,385.8909728811482,276.2735921,,371.0796806141781,314.4679819375686,,366.1004155894637,321.94620139724464,
4,613,,182.4208658568112,313.7408387970785,,184.69947773101947,306.9291036,,214.75026135802113,285.0652997827593,,250.92573015741365,276.83644579665616,,254.6575264220621,276.58855262875085,
5,613,,455.1753139,150.30497349421591,,454.0890350009246,159.97004127918132,,444.67332269008295,189.63354296048684,,417.5935861270019,219.82934759800293,,414.70253273084586,222.0848058055408,
6,613,,320.7707684094267,226.32122073593672,,326.1577424447653,229.84302992035123,,362.0632714283728,250.6080786548517,,370.95488455370105,290.9371567173888,,377.13113036287933,294.74688148743326,
7,613,,385.8283830996964,533.4287717589018,,387.7475142239777,524.5426966912321,,399.9179992675781,473.28291732091515,,412.7954821235335,436.4275843865447,,416.2504328,430.2973685869978,
8,613,,852.7427832997248,313.5874666,,849.9512956143049,301.52816747268037,,828.5834929163437,266.6426910819219,,788.0434458590528,280.3121686967392,,783.7316278303647,283.47428291359637,
9,613,,570.8186079514555,420.27648245479713,,571.4664939,411.9082466088171,,559.0332198872775,376.9687545851002,,557.1420990139504,342.5430640987729,,558.0948059380571,335.31778333705415,
10,613,,663.6770408518419,403.1453811570873,,658.4033981099337,396.37684860602667,,641.4849189422443,360.17047055161436,,666.9425567477683,319.76126936746687,,671.0298240549669,317.99871747265706,
11,613,,1338.6089172876098,282.32611426301554,,1326.6979813625867,280.1481654143637,,1295.8841496426255,293.7596356,,1271.9493408203125,326.31157272445193,,,,
12,613,,1060.8944318479846,379.52552621166774,,1060.8216779417348,370.8941977388473,,1050.1281167009515,332.6123853,,1033.5847616770388,302.0619236175678,,1032.5679866175233,299.00796420935563,
13,613,,407.42744878466965,425.94013815015853,,414.06812919344645,420.76458166908714,,457.74227406761827,404.90300107077013,,493.61213554110265,379.70648193359375,,494.59742325525673,375.4025074837723,
1,1030,,164.1701416617376,283.39143109653287,,161.78071856167026,276.2886146004822,,155.51691660243534,244.02523341153014,,151.49233299908408,207.8140815194275,,149.76235607473734,201.6072756068602,
2,1030,,336.6309509277344,277.5236816,,331.8502502441406,281.10980224609375,,304.5990905761719,285.29205322265625,,280.9212646484375,268.57232666015625,,280.1304931640625,264.9664306640625,
3,1030,,403.09699582248345,444.6780881,,408.6190615912542,439.1786029459622,,418.2971817355675,396.71197509765625,,390.61410678439574,361.23992919921875,,384.6047363,356.7598571777344,
4,1030,,254.02297172240569,263.4888798871767,,257.6532099565733,269.5154625479553,,284.0592956542969,296.98077392578125,,315.7236633300781,304.4972229003906,,319.7789001464844,301.1038513183594,
5,1030,,602.4140816068254,130.5178342070462,,596.3546752929688,128.35882568359375,,564.8314819335938,116.5643310546875,,534.2927872365369,106.19012663439293,,531.6754532527135,105.69052163754635,
6,1030,,152.5667095643048,187.7428132326773,,156.15452312630373,190.8866536797706,,173.81883419145464,224.15030277272908,,185.25890482430646,266.87559018880836,,187.0966941884781,276.73843572185666,
7,1030,,344.4327697753906,249.1577686340396,,352.85924769111267,248.54318946185344,,368.59953591219073,268.4453497886117,,357.9767169381223,303.31161406511853,,358.6904765450431,307.9421387,
8,1030,,1040.687744140625,335.8115539550781,,1036.119873046875,331.7083435058594,,1003.971435546875,331.7604064941406,,956.8406785138793,325.7408123587527,,953.7059175144584,320.49550035139816,
9,1030,,610.3934541957274,443.45556548113416,,605.9730881216731,438.14218324671606,,572.9083251953125,400.3448486328125,,554.8073542436827,359.7648108895447,,553.0049241193481,350.0752850150027,
10,1030,,706.0239680132139,416.54770883876347,,696.7387695,412.63739013671875,,664.2072754,388.5116882324219,,637.7167978001158,352.7392174307678,,633.7687763244693,347.05160429949353,
11,1030,,1651.6805419921875,416.1557312011719,,1644.266113,412.6501770019531,,1612.062744140625,400.5175781,,1591.8018798828125,368.2654113769531,,1587.7945556640625,360.89276123046875,
12,1030,,1082.429222023281,354.15612761756734,,1077.8824065046588,359.7052162231573,,1051.395222365027,355.84140384694774,,1038.4245380432192,319.67659443533944,,1032.1536584690866,312.06798946359913,
13,1030,,262.9422391636476,377.4421161682193,,270.7181072806277,373.02538168596175,,304.3990478515625,351.6276855,,334.3097919494693,359.3424476082947,,339.73641505215517,358.4712139099057,
1,1173,,225.61544128341995,298.93324853546017,,218.69033735315094,297.03688447213966,,195.64266967773438,264.9969482421875,,174.96293659677085,237.73058547351127,,173.8469244,234.2177922844573,
2,1173,,336.26107972769796,286.71043291204035,,329.76280194592306,287.67820263687076,,303.3431862069815,293.4249172450026,,273.4320525,289.4683578050158,,272.9316072002137,285.67191271163665,
3,1173,,413.67338303210954,312.8291866639812,,413.20274144456874,323.3894291258019,,415.9103698730469,365.71840396544127,,385.01830733064253,362.9763593992684,,375.9466767142415,358.11355077410883,
4,1173,,195.3873602762539,212.6397385515064,,197.3930458006597,221.5727840330208,,228.64657592773438,240.1433563232422,,255.74183159185765,259.2972517091363,,259.6031792,259.52816909243506,
5,1173,,667.6228692876568,82.20392345917212,,668.9971906996556,90.59999802,,652.0952148,112.67162322998047,,616.4804077148438,124.9603500366211,,612.8510921633746,125.1729507446289,
6,1173,,162.76606268601716,64.33953397085405,,162.47067217641995,72.35319223322803,,160.79104614257812,112.5956802368164,,155.37355063054002,155.99835449913638,,152.41044019277714,159.24047808462308,
7,1173,,276.6813049316406,299.7172852,,278.3647567873525,291.87396142532543,,311.77386474609375,268.0209961,,339.6147550287195,244.13858051766925,,344.7534062981292,243.66277998010406,
8,1173,,1126.9058957452357,329.6262105922515,,1122.7599516089654,323.2011518743468,,1089.670696143481,319.4198872,,1043.0833358674308,308.68944862229785,,1036.1100573096953,311.9573389343623,
9,1173,,598.6129449704296,429.7265317870182,,592.3402608887022,422.4156601,,568.5756225585938,389.5986845218794,,555.9770406738585,345.70291215856776,,556.3848153803428,337.2223926762067,
10,1173,,691.6864005855729,408.5605775879818,,683.1465458009636,404.9019775390625,,652.5466918945312,377.04376220703125,,633.2016092284853,335.4547123048698,,631.9500429200131,331.6755161129774,
11,1173,,1600.829399726998,383.29377973523947,,1593.785474415151,378.3340513882428,,1559.0879706276125,358.038293,,1542.232744172938,321.1948947376345,,1538.0472628357963,314.03529160304845,
12,1173,,1102.5755739217982,274.78327205581473,,1096.4353411114755,279.72565878000785,,1079.898681640625,312.2404479980469,,1034.9067523038166,334.21634365016655,,1029.3294758179177,332.29908340969524,
13,1173,,287.6993703608723,370.64010581036456,,286.69549521466143,363.18048134783857,,298.8660404299073,334.35437983377165,,294.7183833982552,301.23624667965714,,293.9895526854861,292.8021151,
1,1428,,268.6769757435206,268.09052107871673,,262.6413341733427,270.64218943958656,,228.76661682128906,284.61248779296875,,199.6406000228069,261.76384693327236,,196.39286151158257,258.2669018790792,
2,1428,,226.09742796212606,304.26579430715947,,231.0569547200227,307.3331821260897,,265.40031166982243,304.9759023484721,,287.6872409729273,289.1937767482689,,290.86869805692805,284.51834860427306,
3,1428,,399.7640203,488.2555349168315,,399.63848876953125,479.9853820800781,,411.7857666015625,431.9390563964844,,423.1133696,391.72199291047764,,423.4892851420837,384.3821893964599,
4,1428,,139.61832788558146,326.76400741393854,,143.12236979347543,329.8817970638838,,154.79700804368383,299.3396894909018,,161.14815479460046,262.81312477474773,,161.99082711538284,256.9530029296875,
5,1428,,784.5907837,53.44336901994308,,772.2283137,57.40266732741806,,744.8631591796875,67.94832611083984,,711.4517336109807,77.86010868966574,,708.4865054761312,78.57262696984931,
6,1428,,104.47598832008642,51.56362726051307,,108.57231574216891,48.797614236036836,,133.64224438310353,39.53346373705391,,168.1494573,44.60841787,,171.57430025828862,47.45129436913945,
7,1428,,240.1690526577254,344.31933212232735,,244.95426759049104,339.2399349480293,,255.88627635203645,304.4014776,,268.2767324153527,275.78369093349255,,273.01392305231514,271.9252064201436,
8,1428,,1241.6921611422567,354.9079267955892,,1238.281317411145,348.1589853468404,,1192.401367,336.1751708984375,,1144.5848886671529,333.2674352555134,,1130.6579559508014,333.93424752553904,
9,1428,,557.9695868810079,420.06466356005245,,564.1705322265625,415.32693314324547,,568.7480705769876,380.16292149861556,,546.8286791756083,346.22446969350784,,544.4806518554688,340.6872863769531,
10,1428,,689.9701875141664,407.2050219490458,,682.7134335654175,404.7533071336283,,652.8966064453125,380.1881408691406,,633.0292969,336.4749755859375,,632.0454487210246,331.98724365234375,
11,1428,,1618.3404265474062,206.96555096577003,,1614.7665009891996,216.4992112234989,,1611.2167744046183,261.22728216989736,,1599.9490966796875,305.4302062988281,,1597.663497089201,309.5222875504353,
12,1428,,1456.591797,264.7324523925781,,1456.344970703125,271.1361982799642,,1436.2442050025716,297.93551149821985,,1398.6254433404865,316.33885595230913,,1392.4158935546875,316.88934326171875,
13,1428,,393.71598261879467,259.5325605846517,,387.7315769467957,255.60968822297772,,364.49212646484375,268.27178955078125,,367.7381606964743,302.48701393490404,,367.1666177749452,305.1633301,
1,1959,,343.39920247963823,219.5242824475031,,343.54655507277374,229.70372664423758,,338.8067891769822,266.23795285342294,,302.2247150534139,286.00814855143443,,,,
2,1959,,301.0820970228924,323.3243529,,295.9228278006123,319.9591805239644,,281.1418847604051,297.4198116052635,,263.1320731,279.63365775065773,,,,
3,1959,,561.4014865362807,361.8448454203003,,559.2613527387964,370.0109695368979,,546.2533531739442,355.7408689780581,,556.3619139117628,322.3967316486663,,561.4155348630491,314.6954880861697,
4,1959,,191.64697554039248,268.9148507744896,,183.6326086,267.5469370407045,,154.41528949524377,257.523469,,150.82480073376192,223.90754441420262,,149.1065329432185,219.19895434757177,
5,1959,,933.4976078861195,325.1183228573438,,928.8111608173734,317.2460476359156,,939.7913361343788,279.67205810546875,,954.6992166295023,254.76163059023378,,957.7647843414022,252.5672685281088,
6,1959,,127.47724190627758,48.064630078102766,,133.3187705343386,44.72589370158666,,146.29911761707882,32.373627027122325,,,,,,,
7,1959,,172.3739181079174,209.4196926511612,,177.13011377881236,215.33032794897798,,187.5539434345494,230.72708276443203,,213.03344979910486,233.2804133000814,,215.6260867567139,232.38012121748883,
8,1959,,1485.7746808364402,413.1303957056733,,1493.2706481873254,410.63863702861966,,1527.539087046382,374.12491651732154,,1548.144625368891,345.5782588816221,,1548.643672920908,338.51747614048094,
9,1959,,594.576567,408.84970249425504,,587.9402465820312,402.6782868244475,,569.9950655514675,369.2803117876813,,573.8146758338665,329.665774,,577.2112471424931,323.89638093520955,
10,1959,,698.8087151937042,391.6336050171189,,692.4433354368085,388.23705396748835,,655.4466300820295,384.0290655798442,,645.1532617837768,345.0235004,,646.4649764726528,339.49676482341465,
11,1959,,1614.9958795394045,178.24204485279213,,1612.6064858787422,183.28348427640645,,1595.815049500852,215.76261885377482,,1578.5430409787477,255.05022392387724,,,,
12,1959,,1618.8895848663567,312.2708069270032,,1614.6904615961378,319.9620637428178,,1588.0460344835233,318.17671786397597,,1591.1245444429346,276.43115430002564,,1590.6925044492345,268.2152650526835,
13,1959,,151.8385335318954,216.82506519402767,,157.86493877465486,216.0187823479278,,175.26298335675227,246.71355370648698,,209.02094862633868,265.32930163333265,,219.37774492102784,270.4492521011934,
1,2055,,483.8612060546875,288.4050293,,472.6601867675781,289.1422978,,436.16070556640625,288.605547,,392.06858902589164,283.96742325440727,,389.5224169677805,283.69229694824446,
2,2055,,319.89461038818473,233.83976926270225,,312.77508544921875,240.72457885742188,,288.7982177734375,268.5647277832031,,248.83575439453125,288.45123291015625,,241.3274383544922,288.74041748046875,
3,2055,,609.4963808227527,340.1595479736212,,608.5779869018427,334.0361700561489,,567.1305676513603,337.2528914062593,,529.3367557861304,343.4658622070359,,526.4650785888509,340.2056005371233,
4,2055,,228.88792342528018,298.79847121583657,,220.6098175048828,296.5550842285156,,192.37095642089844,268.6464538574219,,164.18109907225633,244.65072347411993,,163.21512617186573,237.91344645995866,
5,2055,,911.7306089233409,310.63442889404877,,918.7205334716728,310.85615927733915,,936.2889404296875,288.69940185546875,,946.5213509277297,261.36376384277116,,949.3248358276333,256.2658996582031,
6,2055,,144.6448665482983,46.06839465461198,,137.71048846601832,46.72212912507743,,120.74730419639684,32.373627027122325,,,,,,,
7,2055,,161.05612128909965,164.96278497339412,,164.65927277834584,174.43151948262158,,174.26670113045222,204.18731689453125,,182.41578497306907,244.52829613013077,,186.17474374989018,250.19734308517536,
8,2055,,1512.682617,440.6177978515625,,1512.5384521484375,432.3984069824219,,1516.805908203125,388.1637878417969,,1540.943848,353.38082524412675,,1543.1298331543017,343.40413187255973,
9,2055,,568.5393676757812,408.2338867,,571.7636719,400.3166504,,571.9703979492188,368.39288330078125,,565.8340196777432,327.5132882845977,,565.8184730162857,322.7706012466958,
10,2055,,689.7170573520507,384.1008577495986,,685.1967426180026,391.7335668559465,,654.2629260009835,382.81988421631434,,646.7013436,346.1176090576149,,646.0593328979458,339.73483845215077,
11,2055,,1627.0083272398813,193.9200577392078,,1622.2346653326806,197.5156792102256,,1588.9991072053053,205.1162403395976,,1587.0717329245708,239.7538323391056,,1585.6352772855685,244.0225912267735,
12,2055,,1660.978003663152,350.61907909217757,,1653.3494873046875,344.6927795410156,,1622.9462727165485,318.31032007565875,,1582.6217077688857,322.39294899859294,,1576.1753129820247,322.2243767340107,
13,2055,,184.19224290769512,106.65801898193939,,176.52203369140625,116.34935760498047,,158.2146034912063,151.33325349123646,,159.7308352294736,195.1884165649356,,,,
1,2376,,783.4837635036275,375.3733335319737,,775.8326200571857,380.21106014271754,,738.9802547180925,358.54780994564493,,716.3675841467434,323.8988240287322,,711.6148987634127,316.5979817,
2,2376,,434.2637048607495,211.74963408540256,,,,,422.3412912966191,186.43580156434538,,397.63876077909515,216.8866546861058,,395.16444652635414,219.00937388292692,
3,2376,,518.8189167377524,334.2398463690365,,529.1998465466668,333.44263835779253,,571.7026159,324.5628608467067,,618.2617430252898,328.1581143,,625.3978977186033,323.7634492,
4,2376,,256.27397644303505,391.32929443880437,,261.2376513567662,383.7375488,,292.8089362015171,363.7370812936175,,310.15162966472514,335.6029767,,311.47163819401504,331.4057714895856,
5,2376,,997.8188593155486,388.5134217091069,,998.3412992624197,377.6587918990771,,986.4594819875804,349.87175308618254,,962.5580751467907,326.9303134037798,,961.5487978030407,321.7562440529794,
6,2376,,264.0197448730469,187.40186263775914,,259.48084929895583,180.4699024989596,,230.54025248838968,150.15151701307826,,200.58467423655446,125.15597798990873,,198.25996470159924,121.68159544150996,
7,2376,,140.30500557459504,326.26480146887116,,141.9404951041686,318.4778728573591,,149.4099341428589,283.43801084119036,,162.29170526438918,248.58487984254361,,166.2161363403735,243.10934592964912,
8,2376,,1510.790505,391.0148223775103,,1508.499652106309,384.1594002403565,,1515.609266963978,348.3046224196818,,1536.3360356570668,324.50633552076397,,1539.2281497717888,320.5241313139729,
9,2376,,577.6949999540786,390.73415968643815,,570.1922111116987,391.70008631466135,,555.9094875453966,366.86844140281846,,535.4905019557489,339.5934780239122,,531.0349778,337.31086413165474,
10,2376,,647.4274078494304,383.69520636525425,,641.2365324267081,377.34318339447157,,644.7363415070049,330.7112545506818,,676.2351074,297.94141151067254,,679.1160945499189,295.62177580087484,
11,2376,,1488.2677318411559,410.9542901991224,,1497.9138665435926,407.5357522646324,,1526.9656655231654,388.7029444537016,,1546.215535720255,358.64031357761263,,1552.3072351536407,348.9446179705746,
12,2376,,1585.835813,223.9770802803029,,1588.5373936840786,231.3889455146779,,1586.0337047957344,272.0550089219563,,1580.761175892287,315.19397706717405,,1578.077732859725,316.59540420050234,
13,2376,,141.4875940860585,350.8035130817377,,144.18004300677137,344.02200719625614,,159.75758361816406,303.2463684082031,,172.98970367116664,265.43676613089775,,178.42670255796958,257.59605519507636,
1,2463,,784.190918,419.6776428222656,,779.9825439453125,411.7383117675781,,744.5159914154518,368.8900882894278,,721.5573365,327.54986572265625,,716.5059814453125,320.1751403808594,
2,2463,,377.7601299376686,251.24411415673939,,381.50838169544625,247.6244701684524,,407.9622141638017,232.32256061647172,,434.41582207254464,209.25488477210632,,442.4507233334226,200.27118566096044,
3,2463,,597.1515137025522,426.4559447628644,,590.4429442745832,419.81313474517356,,564.9626343,388.61707803552156,,550.5881236992991,352.91293848254065,,547.0976796,349.12053508227285,
4,2463,,249.95980901194795,402.5855231568029,,256.2662658691406,395.4654235839844,,288.0497741699219,360.2713623046875,,313.94471665266883,324.7894528231769,,313.7266765636391,315.26453917786495,
5,2463,,996.8670019238447,392.7083744352186,,1000.0166625976564,382.73978582303164,,988.1298828,351.7921142578125,,965.9040234521401,327.3686443673899,,964.7685069818582,321.2332362261248,
6,2463,,380.1582356822487,282.95766203555564,,378.1785910482597,275.5432844582682,,356.5139261645841,246.93064704151692,,327.45936531979714,219.2868681984832,,322.6984708,215.95463876097736,
7,2463,,149.2645161480401,285.7956335659309,,151.44056701660156,278.3827615,,163.16862858126836,246.12993110868803,,168.90068544751472,208.81152407879648,,169.65840028002896,206.29918110715795,
9,2463,,593.5044475110147,325.8271348602231,,582.5528416012826,326.1483020057963,,542.4576544630394,337.5169310296352,,497.08800942308415,352.9753004118341,,491.3857630532399,353.3368360870425,
10,2463,,641.6291870832988,385.79916984006934,,638.4651610714582,378.19625236982625,,644.7111936840449,333.62542122438384,,673.9543577976734,299.6143737588455,,675.8967161143051,295.76035745127564,
12,2463,,1638.5586419276178,133.7033082655521,,1631.2056988804864,137.9160002061276,,1611.5949798263816,167.0960688556874,,1600.1719970703125,202.97202450411615,,1599.0286412804169,206.40963010861748,
13,2463,,139.9536232875616,339.28915026274046,,142.8402184713193,331.4126646751255,,159.98026579153486,289.9028658067325,,178.06640758630294,256.5453692667394,,179.60043216609154,251.4907407275091,
1,2530,,771.4691788,391.4288515,,764.7783411776048,387.26041497649527,,739.1133013350257,361.66087940944124,,724.6173621231142,327.01923572669205,,717.2970774104153,319.89391933827926,
2,2530,,355.88537258431177,256.2599690439266,,364.8587478489786,250.95483752533977,,388.6551208496094,236.51358032226562,,430.3636310981618,208.61776603157932,,431.52295884861405,207.8474717870352,
3,2530,,619.9270661085976,444.8615811380191,,609.3540757639983,442.1810005359385,,577.8795583317722,401.5149849109385,,552.9206342118492,365.96682817265724,,548.4377835305972,355.8990679365882,
4,2530,,264.2815410928195,394.27575314625864,,263.7325744628906,385.6633676,,291.95452880859375,360.04437255859375,,312.83829640877434,328.2258857477014,,312.7822158313403,319.30973698335237,
5,2530,,996.6221936786044,393.9620577384184,,998.8496208256989,385.0207850094299,,990.1220639392545,351.0093663577576,,966.0073788806608,328.08824155072006,,964.6002845433804,324.3869476054075,
6,2530,,463.2143587105812,307.9291424754434,,454.9096183674727,299.9086531714375,,423.5274963378906,280.3491516113281,,370.22520526527535,262.71947838083656,,361.30192376715024,258.0563649396837,
7,2530,,144.06803706980284,298.55451976130166,,146.57554527534438,290.8160713601518,,160.28351450021032,255.52945074596897,,160.34328730557993,219.5508874811742,,160.71620862097154,216.98802012255868,
8,2530,,1535.7848790530702,373.1494789,,1534.9984855717926,366.85172778152446,,1527.7086181640625,331.5976563,,1491.0246825060283,309.12038401809536,,1483.8116724022993,306.67948511622455,
9,2530,,648.1883444496747,275.60679104837226,,646.3498033030608,284.2082434707703,,626.4003288097647,313.61139998274825,,585.7702018566396,328.7502746582031,,579.2188805526671,327.03104446926824,
10,2530,,629.3797528,314.2093596553627,,635.2342899,318.4501742543866,,663.6005249023438,304.3793945,,666.9310279332001,270.1284038288107,,666.6295458019713,265.86252374415955,
11,2530,,1442.5014646601817,282.15862277592475,,1451.9412373237478,286.06635674973427,,1491.489002097541,292.6894510034502,,1529.7737548937034,309.1757251337267,,1536.9373685599248,311.0666794538407,
12,2530,,1648.845390068754,145.7248609732347,,1644.266392858336,137.27875253033355,,1621.632984,140.75352737185707,,1609.8896422193566,171.88210726227504,,1606.7607069273658,175.6823026774626,
13,2530,,142.9725133090179,366.82047414725065,,144.00803764058224,358.42699072936387,,151.6618652,317.8341895262354,,162.14978687462215,280.1825593060489,,164.5100001187165,275.8478387679202,
1,2667,,773.2973105989249,299.6250257970434,,767.5780146604093,303.3764480921401,,734.4576481029378,331.8849141177303,,702.4088135684578,327.7477003306991,,698.2126749420391,323.68172445027767,
2,2667,,337.5461730957031,228.54080200195312,,340.9305114746094,225.0337133475257,,362.0625818010563,218.67911985561327,,384.0757556431282,250.38927924453924,,388.74802373836917,252.9011385856217,
3,2667,,556.1252441,391.9333190917969,,559.0937812348478,384.2737794403289,,564.2495117,347.76153564453125,,576.3293425796403,306.9336086501542,,585.2356581728208,297.0113965222553,
4,2667,,272.3007190394681,336.75887195176375,,271.11441771414917,344.9598986397999,,289.90608269742404,361.93308815813083,,313.1918018,328.55252201449696,,312.0806579589844,316.5002136230469,
5,2667,,993.5328604674013,384.68903212587577,,1000.2795237092557,372.28883254225946,,988.1716309,351.8450927734375,,964.3796997070312,327.7618713378906,,961.7021030197677,323.60650634765625,
6,2667,,599.6140449067229,283.95015854795224,,591.9186134598951,287.3240058442229,,549.1486410353227,298.88084063409127,,523.0159693465439,337.1208121275576,,518.1607353667146,341.15716552734375,
7,2667,,139.94429259905235,323.13617430943276,,142.86169496720947,314.5871398751445,,151.24018065360232,282.3327453438945,,160.9708813546297,246.88706789550082,,163.4741474,242.2991620117118,
8,2667,,1632.2547607421875,176.81919860839844,,1631.0742874666653,185.9831088791427,,1606.287497450331,212.65671882307151,,1574.2794345627365,234.5139763335115,,1570.8796605362684,235.8551378690707,
9,2667,,553.7583680633759,382.44578060580176,,548.3967943632113,379.6524196853104,,547.2041187945448,339.71292498333264,,566.6195508191304,303.0478296981065,,573.0448281704564,297.5569763183594,
10,2667,,582.4192610441813,321.09384282171834,,590.1901860925768,321.5920275583805,,626.6353663160077,329.8044304382666,,664.1724038865523,315.7561825744202,,667.2851233262068,312.51324150542143,
11,2667,,1401.9972517290234,357.6973839,,1396.943603515625,352.6667785644531,,1403.3770595778885,311.18969485940994,,1424.333008,281.22174072265625,,1424.65332,273.4373779296875,
12,2667,,,,,,,,1640.4569091796875,59.68724060058594,,1640.4717975956967,92.87179234630261,,1640.0382080078125,99.87876892089844,
13,2667,,166.01686890694458,368.2341967703703,,160.85809326171875,361.0855712890625,,152.81857056012734,319.1662121826102,,166.6627661342016,281.06134033203125,,170.97505621161812,273.4661498674765,
1,3048,,1220.686435404422,183.52151282208118,,1214.9938750557692,179.19471798689025,,1185.455874211355,192.26689297032544,,1156.467285,237.18755047618774,,,,
2,3048,,195.4676586420137,301.7839788050331,,199.49429489169665,295.8733071138171,,231.78431618298902,285.7080660554367,,265.5546593510963,287.71033498286573,,272.2358832321745,285.82297760213316,
3,3048,,449.4375944368145,412.92913757994165,,458.3710015517021,409.91915704076763,,492.26354020505727,381.8366185282604,,513.5976199642614,342.6723838554604,,516.6415665678885,334.0351791,
4,3048,,368.05679672495774,362.0574940053795,,360.02533150173804,365.92525718307127,,327.7358983227864,356.1484910226573,,327.46945877257025,321.5855899819882,,327.26617271623354,312.7219789509551,
5,3048,,1000.3182471695919,379.84463571440165,,999.9076538085938,372.3122863769531,,980.9047823377059,342.8916847,,956.9810650088418,317.48335241792927,,954.9537454346957,313.0790874697795,
6,3048,,777.0979689082886,423.6045666108185,,774.0023171715364,415.0811253695648,,744.1608276367188,368.08660888671875,,719.4639250689511,329.9146535577455,,713.9377431513209,324.7281874,
7,3048,,144.01605705873231,342.28793263579536,,145.7494205098102,327.7407073864002,,148.15785578806506,302.7348578584298,,159.4812832957766,263.8754807576164,,163.43875810473023,261.10160245373925,
8,3048,,,,,,,,1614.8843949477418,41.94660416093409,,1638.3835826618288,70.17992592857671,,1640.6539576437426,76.58132719049172,
9,3048,,599.4304601970865,425.1788052781296,,593.8407488973714,418.52322108905787,,570.4930954352666,380.17460298764286,,568.9561005,334.8434274745082,,569.8185619957355,328.2506408691406,
10,3048,,457.91001941554885,404.4567126012073,,460.0654865474489,399.75224706628643,,478.5193841284438,368.4690147,,499.85346388764793,331.94064554906356,,501.57947771680523,325.7510301946313,
11,3048,,1375.1705817293623,308.5299437877277,,1378.2969334527907,303.8997648181145,,1406.5644151029478,301.08294938596487,,1437.5672374428905,301.64138318669666,,1438.9496926298843,295.8907854137539,
13,3048,,187.30513917318288,340.72585082486745,,184.67638310093122,333.25523503485283,,168.77641911948936,307.518047,,167.80898231988715,274.7835558,,170.54575790032098,268.20873468128843,
1,3100,,1264.727783203125,204.95016479492188,,1256.691650390625,204.97409057617188,,1214.7896731018222,210.55062181090875,,1170.2111884918254,221.19447326660153,,1166.9285277069014,221.54254318542394,
2,3100,,193.72830212708305,267.64353425902794,,201.36185364989888,269.52015854186925,,231.6711746520909,283.92248522643257,,266.79279909667275,281.8473614135847,,271.4303587615889,279.9619819488569,
3,3100,,442.2758143829285,419.52652301329607,,447.8859863,412.3298034667969,,491.4304799390467,387.93362324959355,,509.2565680053676,344.9432270904515,,510.8834330657985,334.6343621704136,
4,3100,,368.2246398925781,355.3251276,,361.72273771362825,362.08188875121544,,331.6947326660156,356.69683837890625,,327.81143848570645,322.3514200012155,,325.2967460784868,311.6368205169704,
5,3100,,1000.1839599609375,380.07757568359375,,998.59788,370.6451484527631,,983.1358641326826,343.8868408203125,,956.4625244140625,318.7308451751735,,954.8114759,312.9336140533421,
6,3100,,733.4691162109375,416.5979309082031,,736.6279297,405.5551758,,741.9741278198208,364.6466810577401,,720.1706204162615,329.58386903075825,,715.2542793121381,323.40958986815707,
7,3100,,144.05848693847656,342.1963127288775,,144.97282914123275,329.9103835754481,,148.23491073913488,299.4199424286019,,160.54414872131088,264.06284603272525,,164.51280872496426,260.19439697265625,
9,3100,,612.0907048431284,438.16496457520236,,603.8562012,434.8325160430847,,579.9335938,396.4473571777344,,567.9736328,350.3151312377895,,565.8561333,338.7583517273001,
10,3100,,454.06097685847953,408.11094858705087,,457.9588650420734,400.75154319460273,,476.2466125488281,372.2374267578125,,497.38180878295725,332.0881754974391,,500.46343994140625,326.90422911377306,
11,3100,,1370.4340751800494,363.9796013061907,,1375.239596618635,358.04521397402954,,1392.8699951171875,321.8822192138741,,1426.781806042477,298.1817290649588,,1429.668057064829,293.55470817873186,
13,3100,,223.30323947142682,339.0721063110386,,214.71446383666122,339.22369035949094,,174.36721452941282,319.61619356743813,,167.59959243469325,279.15292009581907,,169.79706483153947,270.7733527984663,
1,3649,,1585.8645384960462,380.3357797589667,,1578.3250295156784,376.44668287218354,,1549.124016664913,356.7972277646567,,1520.2910809774273,324.3078393461956,,1516.1747060249227,317.7782932613234,
2,3649,,237.4821312092713,22.359730767094305,,239.17667601508825,29.015845110710472,,237.44588383662045,62.11905703549454,,206.70634067167396,87.97212130900064,,,,
3,3649,,343.2387821254848,403.2158782806082,,345.72643090250074,395.0970123138112,,357.9654983444056,348.7396207933682,,373.5567174844604,310.8461481314158,,378.2280631904366,298.8509224358471,
4,3649,,146.11797808889872,201.67673869886852,,150.88749699381583,201.71053395820772,,175.43317386205615,210.03597100470932,,202.24772842153342,221.06744400023229,,206.6382087640173,224.67054013428907,
5,3649,,986.1854358701478,374.18349838909415,,986.2913672467103,365.47745128598376,,972.4748535156249,341.83273612370687,,968.7205148875194,307.80489382843325,,967.9240112304688,302.4842102599767,
6,3649,,1081.230631876407,306.8452022,,1075.5858998093163,312.4266877,,1041.8797015366335,333.34092482417526,,998.6509369719962,320.5369913553984,,996.8480246235393,315.6716705596758,
7,3649,,146.83420493572083,304.2359690258571,,151.6992390199078,296.1041866427254,,157.61783850409452,265.2826584,,147.98578019203495,227.6021288276299,,147.25127917636365,224.25590284572655,
8,3649,,1310.601922818692,251.08501742554424,,1317.4445219890918,256.0465918,,1347.1254615102894,285.72677692354154,,1379.9308548844087,280.0302871872261,,1387.7264905119416,277.0130839122221,
9,3649,,556.2913960401479,400.6527359543949,,563.7752356120278,401.95236189752563,,575.4579080266303,384.6500800583634,,566.0294263734602,349.5257400436244,,565.5083966950838,342.5379417457659,
10,3649,,488.89733257007015,376.1877937125766,,484.3816801195401,369.08908936972466,,464.3209249506017,319.5150705175065,,475.7580986214077,278.1294671926321,,478.64387455655515,275.4579204578439,
11,3649,,1510.4932257410474,328.9857105719067,,1500.9000330767692,328.6250731356773,,1452.5881878780272,321.3966399217965,,1417.3419662189986,311.9991193748565,,1412.354880269938,307.6525695697561,
12,3649,,1650.7730147143184,196.31260199151936,,1646.066441573297,188.91758128761523,,1635.1747464580603,152.89848742739127,,1620.4219548478259,123.4921549607872,,1620.4159207845075,117.73510568799566,
13,3649,,434.11234683130397,402.2717716,,427.75732211971086,398.33903140161647,,399.7654724121094,368.3111572265625,,363.6287865897233,359.2920727111689,,360.58490274571375,356.9047831183537,
1,3693,,1631.7883233155064,415.2100541808891,,1627.0710241684583,408.91323683473604,,1596.2784423828127,382.6013073701197,,1559.6234058577581,363.51389872931173,,1553.0315877637806,358.2763368,
2,3693,,222.6745174575472,161.31606961031636,,221.78838549904026,148.3881601657835,,223.4067845,116.7476747998449,,226.33078721921044,81.76067745454492,,,,
3,3693,,302.4421806346886,360.99292226049107,,309.5225339152105,356.5036533127891,,355.29905553405786,344.00610744303316,,372.1994629,311.3896789550781,,376.9220517033893,299.9264098259489,
4,3693,,154.37308464332767,140.2510370621729,,155.04481428115042,150.23820353274397,,164.16005847162728,193.05820914158699,,188.61336416118812,224.7325658728995,,192.89743308615263,227.40280110100326,
5,3693,,987.9273741139311,390.7558523556544,,987.4172375984297,383.16616002365413,,980.1369018554688,352.1234436035156,,967.3448943589727,320.0241394042969,,966.5372537736542,316.38446395889156,
6,3693,,1156.643821824288,339.6196277363591,,1148.2073019968748,338.8626944,,1092.0216032368817,336.4836639873819,,1042.5282043744191,334.0524414333861,,1041.1942491187901,329.9440106290214,
7,3693,,160.8161094,271.2777902236537,,158.09739435634103,263.3947844822845,,153.07483312923597,228.07891647392916,,149.71399946664243,190.5508128847486,,150.74566103623286,188.0622583,
8,3693,,1238.059206036164,348.15346578325006,,1247.2823426176064,340.9244606040763,,1280.745658816739,306.6044007351795,,1318.3594675217976,291.32900563144364,,1323.767014569075,289.8186964390781,
9,3693,,546.8587021126227,372.22213298340716,,551.3782704285602,379.87882550497847,,576.7073756358042,385.9322579514892,,558.9757327653787,350.7013342653964,,555.5748291015625,344.5220947265625,
10,3693,,454.55903892027015,340.1524493639546,,460.48398978313855,340.96717706994355,,467.5530090332031,308.0209045410156,,467.7589569477868,272.3888562166446,,470.79419455225707,266.30391567567284,
11,3693,,1542.0656885148048,314.9843434318479,,1532.8653851042238,317.3845012749713,,1483.9276123046875,327.2975158691406,,1437.9549094266863,322.4568735901454,,1429.295003614369,314.83393179311713,
12,3693,,1651.9068240882816,199.66347117460938,,1646.686005190027,188.84783925453297,,1636.240234,152.31382751464844,,1621.421950319927,122.67302625128563,,1618.9820644113083,115.3164634748764,
13,3693,,410.44016488789975,387.41861354654884,,407.3011390951539,380.7508859916177,,379.96051728460213,355.6511535644531,,346.0549217018573,374.3125816540491,,341.4115584,376.4639317028796,
1,3809,,1569.4927146197206,342.65136723727164,,1570.5664555123697,349.4316321320566,,1555.369352941252,367.66511708598824,,1537.1016685494747,336.2642517089844,,1538.0065231698845,330.80609366986096,
2,3809,,165.8244148387039,284.5301234881218,,169.0281268463389,273.8533371328781,,177.35702041941082,250.70655613195774,,183.47629838043161,209.53357341800336,,182.84896774303377,207.05799068567157,
3,3809,,350.6467855553614,334.99587613153324,,357.3614932,334.1901399712723,,376.07403564453125,308.0901184082031,,383.0244828,276.85064990395534,,382.57019815946427,271.1935395491696,
4,3809,,169.33908554068864,90.89221385761232,,169.47508409820753,97.46678035900949,,158.8151747530574,140.45792622056797,,152.4587155,177.25200415145736,,151.93591188371644,181.32826951744545,
5,3809,,991.7490234,392.2034912109375,,991.8770141601562,385.9509610574037,,976.0201416015625,347.83526611328125,,961.4902000201553,328.49238051014004,,957.4963770528066,316.8181750094634,
6,3809,,1136.2155538457234,408.9055767229521,,1132.097168,400.5549621582031,,1103.6680908203125,364.2120056152344,,1088.267333984375,320.34857177734375,,1083.8894143786308,315.8462747675577,
7,3809,,219.2219184731925,236.94651638577207,,207.31972937434736,238.02519228297353,,170.79112722366625,238.8345251979981,,150.6435744950313,219.08035416034534,,153.0911233352067,214.52873257906325,
8,3809,,1103.0074911120116,325.3295089785639,,1109.268520116953,328.7010992255578,,1147.259532,333.61465013024747,,1199.3919702938765,336.4363702194996,,1207.910888671875,335.7653809,
9,3809,,442.08790350181573,420.44867797267784,,450.7368488,414.7273320145629,,487.2356872558594,383.41436767578125,,505.78917057640854,353.3545561539554,,510.8612912386304,347.1719966026013,
10,3809,,455.6188027231739,406.06006903129355,,457.9157900362501,398.01469623371673,,465.6254107224196,358.89391796713835,,466.5693961695985,322.0700217593896,,467.3190291312824,318.72777513211213,
11,3809,,1631.1749500737264,323.13948659562226,,1623.9736333884885,324.0907189326373,,1585.700493733617,328.6406632883076,,1551.7653498910718,325.4674832664915,,1548.3727709289021,323.28293740383316,
12,3809,,1643.320695621157,204.26449224909038,,1644.3121486395303,197.56174232861832,,1639.5805110544723,160.6945008367586,,1622.9428558675595,126.24300081918558,,1618.9691823682233,120.21923056215674,
13,3809,,490.51271511555876,357.01752882952826,,488.9205270440224,346.57544784777576,,470.3575498079108,302.00975590744787,,435.98814998426116,289.4089395422949,,431.8964954376048,289.8979561454689,
1,3999,,1614.7543261456206,146.1737770869858,,1612.271706879504,152.1093303393177,,1608.2892285693229,181.04251098632812,,1622.2747742075799,230.86029599664028,,1624.300756136612,234.35548438536946,
2,3999,,173.89484758459946,319.93728916665765,,176.45204162597656,312.2923278808594,,176.3367462158203,276.2980957,,172.28359985351562,241.91349382483384,,172.4658660888672,237.30697361324087,
3,3999,,318.46126247409677,367.31480995658274,,326.3601563978608,364.7779249238922,,365.91322512631234,336.5552676342862,,377.0472211123201,291.20656544688114,,380.35369873046875,284.48675537109375,
4,3999,,151.99742126464844,164.38137817382812,,155.17128261234512,156.60935834635865,,160.0602264404297,116.41773986816406,,162.1457449788636,77.72827353436041,,163.37605564614987,75.02002075693028,
5,3999,,991.8913574,369.10797119140625,,987.6427612304688,364.4610290527344,,963.7918090820312,340.7250977,,932.0991224,326.1490596104311,,922.1046565,326.9000760698639,
6,3999,,1040.607177734375,272.7344665527344,,1037.3382025003204,278.6875730943267,,1015.9430515194032,310.79835220322235,,972.8351735,319.84715858939524,,969.9077577208003,316.81833257684343,
7,3999,,255.47295904626748,317.6238799286623,,250.82783992283615,311.89412782194523,,247.8586426,280.2318115234375,,240.42745971679688,248.4811553955078,,238.6026225757874,245.59668906685476,
8,3999,,857.1382137,297.2604120153735,,862.0232033393336,301.7104024835777,,892.5126076060121,317.31723099869004,,941.5102248901813,312.3017835710506,,949.2589458317156,313.40817246872155,
9,3999,,409.91672184932224,455.3908027458375,,409.1116400003204,449.52445127961727,,416.7557373046875,420.02410888671875,,431.5682292652406,390.5410303639861,,429.7976429987826,382.66405044082956,
10,3999,,441.22986375806886,427.4107612419312,,441.6960489415985,418.81746632578745,,460.56927490234375,376.27435302734375,,469.4117830609954,338.31209121231393,,470.53636117453294,332.58099365234375,
11,3999,,1531.8420307996098,411.3372084489988,,1524.753685668676,405.49145380112316,,1540.0499267578125,364.92657470703125,,1534.1167812592037,333.36292838234874,,1530.6228396369625,331.7679964320806,
12,3999,,1634.3130350307588,212.27359008789062,,1636.448242,204.1756134033203,,1642.8976531320754,166.10531172229392,,1624.2493896484375,135.12461853027344,,1621.7252993745906,125.69888922632296,
13,3999,,571.9687446403688,364.04806786536255,,572.6883269547269,356.45001220703125,,535.9457397460938,343.9675293,,497.60538791652823,352.19903296471557,,490.3737393999421,348.7358157254091,
1,4381,,1651.062260913247,150.8645541351912,,1648.171210469589,143.61504106461422,,1624.9180200308476,107.24102322876821,,1609.5889762520683,133.68902993438726,,,,
2,4381,,184.60379028320312,331.82469606496136,,186.164846,321.87704049011217,,192.12029088055317,284.91973876953125,,188.06585693359375,247.39290334930388,,188.7605532978312,242.52316603495262,
3,4381,,400.8501892089844,472.2520751953125,,404.3741149902344,462.51961086747536,,420.4375,420.62591552734375,,460.81903076171875,399.9038862,,470.6572305654607,398.7326123,
4,4381,,178.93070515401178,333.2990359638468,,175.83778959767662,328.8683056841019,,152.2897949,297.1098327636719,,158.4900908693433,256.14960135559096,,159.88436452626348,250.11850493794802,
5,4381,,985.0467637785387,374.1562623986869,,985.5636125813353,361.5289171946789,,971.6707763671875,344.3663330078125,,953.5739668601957,315.7327302,,953.4760478715402,310.02452111359304,
6,4381,,1588.8222118848153,351.4545611572348,,1583.3020317079256,343.46519480005225,,1550.3601810313282,337.05399243123884,,1517.101074,316.3611145019531,,,,
7,4381,,263.7828305357554,357.96494305499886,,261.6882816163886,350.48961856110196,,256.96671762089403,311.7149166257989,,256.2514648,269.2995605,,256.0646922612753,264.60396109004347,
8,4381,,863.0746837007595,258.70143117672865,,867.8669971539568,267.8915821480754,,898.8935268573249,309.87420179881957,,942.0865647396316,313.2236289348401,,944.7801773333871,311.94563755156827,
9,4381,,445.02886452625694,311.8403128563185,,448.68342198717795,304.4878234863281,,436.8247985839844,277.0251770019531,,416.6352712614244,302.2286871603525,,414.9836784,309.05153794945574,
10,4381,,408.05313110351557,427.28751275057573,,409.60486768959703,419.30980652082667,,436.6684265136719,392.0627746582031,,470.79457224490125,372.7460001957852,,472.38934326171875,367.64593505859375,
11,4381,,1512.4197684326673,406.6028790280692,,1517.8300433352122,398.40063818339286,,1548.6317295531976,367.5877825318136,,1586.9497506715124,357.21138812208136,,1592.1883807291258,356.61894752588967,
12,4381,,1633.763,286.22799996151014,,1629.8032643307151,294.6921822352713,,1613.7142093697603,327.6913281447711,,1593.2507437486868,365.67114641068287,,1586.5865070527586,371.13288965285267,
13,4381,,470.32835720536605,387.3599249590253,,477.37787329792354,387.5187238562294,,503.2469197260897,358.0338274133018,,532.4453845566001,341.84556805726464,,535.6453701389172,339.23859181772224,
1,4406,,1652.104573,170.50044006309435,,1649.3999896978876,162.72424138000764,,1636.6214630764916,121.06401606739442,,1612.9429891188097,105.13514046555576,,1606.9793754185969,105.76108795204237,
2,4406,,186.24881584519784,334.7745226098727,,186.68700290235006,326.52550232231454,,188.25786302758883,292.0983329367383,,186.3898023049137,251.76834143132376,,188.5331718766967,245.50226067790015,
3,4406,,404.4024949251733,467.8951110839844,,405.6595430730029,457.17685360338623,,418.5099551357487,422.27026301356847,,455.37016192835534,412.12012434719065,,462.93842339995933,409.7848062,
4,4406,,175.83417729448269,339.01741330335255,,172.15919985662285,331.3604416,,153.1675200324452,296.9885537160276,,160.3611101657006,259.81128013870403,,161.02282127601222,253.2401890698659,
5,4406,,985.0643058560601,362.6954457972307,,978.6788534883713,356.08824305858974,,963.7329102,336.4848327636719,,931.0976440512743,313.48269141454654,,929.2268340268824,310.1222615448912,
6,4406,,1616.6638354148317,360.9952893901519,,1610.2984935884822,356.4728590930407,,1575.5788138106077,343.46679212482303,,1533.2442215051938,326.8912176465524,,1529.3529824928976,318.5002754013606,
7,4406,,266.9553816679089,361.2487420788083,,263.05267953333515,355.38595237580296,,254.36124456762852,319.71808514477084,,254.66822088598786,274.5028557583637,,252.84074784723703,267.0722478324028,
8,4406,,856.3261719,238.0055709335166,,852.5039063,245.02813868254003,,863.9926758,275.83477783203125,,904.1166093535554,297.8898672073562,,908.0927270140811,298.6688311746394,
9,4406,,446.0980757423224,312.44482167863276,,448.24945023371487,306.5266730392775,,443.1576120299079,281.95232827722396,,408.5326477269831,278.40326642771123,,403.8012322577631,275.73234974029054,
10,4406,,406.1232137463913,420.3344770474007,,408.36514837703055,412.60915638439053,,435.79050879683746,393.03376525196603,,467.87808020436677,372.8565191582161,,470.6041650665486,366.87394752076005,
11,4406,,1527.2840900284714,340.23477527030553,,1533.585615637194,347.8269417039571,,1556.8375677797085,371.79762203491975,,1602.6192872861523,365.82218003082966,,1605.924370813878,365.3709683994796,
12,4406,,1640.983443707441,251.12222361738537,,1638.5021496026138,263.4820816715384,,1625.8099437443725,296.59093903483364,,1607.2252160411917,333.4307018655474,,1603.3678300247925,336.0163999058759,
13,4406,,442.7687990244598,405.67181071300223,,449.1661776445127,402.7045384992634,,475.6990051269531,395.3726501464844,,511.5662444313949,349.54570892675133,,513.7732174716732,344.7373713735254,
1,4538,,1647.8382173111609,295.7823422357949,,1646.612741278871,286.30546782491723,,1641.2721950768512,241.73945851307712,,1641.046686464525,199.66760178169514,,1641.3306455030279,192.8811038706964,
2,4538,,192.00152004627253,316.6546539060384,,188.20252990722656,310.66474926863594,,188.2288818359375,276.30657958984375,,178.99211108292656,241.5075348639159,,178.6104453453632,240.54464900937208,
3,4538,,479.7847290039062,393.75173061947874,,473.81129466988057,400.1502687831204,,429.7976251868238,397.9123429265061,,401.9476229534631,371.8322494285005,,395.9052162724987,366.6100031165113,
4,4538,,188.98475646972656,376.2156982421875,,183.60440385890286,371.29047846637377,,167.4054292495278,341.9032414100582,,162.1404480965494,302.42019057744125,,160.45059204101562,296.31732177734375,
5,4538,,972.4072375339883,337.1538422811119,,963.8845735793955,332.7761570997711,,935.9354248046875,315.16172065187027,,907.3707589913906,289.1683725491516,,902.5105905343592,287.1642305294468,
6,4538,,1623.1882228669533,400.12799072265625,,1620.4264919518512,394.3448194203248,,1597.4521797124455,365.55040493641786,,1568.4270262833297,336.4278512249508,,1564.0703368302047,332.4923410549023,
7,4538,,233.87570202742504,300.2834473,,241.9792909684894,299.5608947261394,,257.9507633580888,284.09852563159217,,247.7840087398112,256.57093203146155,,246.17544257875971,251.33135366126314,
8,4538,,659.0587758,332.79363400291317,,659.2661620348396,325.2304776076209,,700.4025268554688,320.48223876953125,,737.7142959,305.9834001153746,,744.1566320816574,300.74713134765625,
9,4538,,572.8663705115786,351.6932997086549,,568.8472028399085,345.6850445278005,,532.2312622070312,343.9303894042969,,499.94451904296875,339.8863525390625,,497.36375585168446,337.9057528362756,
10,4538,,432.73655620732075,391.6377928988997,,440.81342588802977,392.6905231753118,,480.7404785,372.45001220703125,,512.2685590145207,357.89252836426147,,520.3539732,356.9413714054011,
11,4538,,1441.1767999474573,341.3197130084494,,1443.1201497944005,333.23647258487506,,1467.672209935992,309.7424789959441,,1502.7851996900479,325.4651191655705,,1510.4008111359974,324.72799421599103,
12,4538,,1614.376734153157,265.12367085917504,,1614.8177020874068,272.19972512685683,,1614.2344319102406,310.3348212720791,,1587.7579984252939,337.05797253842553,,1577.7264373529933,331.3981239119679,
13,4538,,402.22117842518776,461.6586501,,404.35406494140625,452.0293273925781,,412.24005126953125,423.8781738,,406.35375353376776,390.91364474977075,,402.73763518630665,382.3545926956514,
1,4714,,1568.1761427636625,340.3662097494705,,1577.8015727344882,340.2338994707277,,1614.8791478402295,348.3750915527344,,1646.3904285647013,336.9232826341871,,1653.023079260239,330.7592581677046,
2,4714,,223.20269087425757,266.3562434916814,,216.98692318430057,270.71580982744564,,184.5412598,264.98712158203125,,174.60449870251313,225.12634466356084,,,,
3,4714,,555.1709920878016,257.92471482424764,,548.2405323186587,261.24933388005576,,515.1152912697032,282.1419742987522,,497.0694739138852,320.9931651112835,,498.55839555220064,327.4855102233176,
4,4714,,145.2366967395413,363.5598120495212,,147.39590352153147,357.43875362430686,,162.85510222524852,319.23375600005244,,156.7426173320153,281.58947735674474,,157.62813424308501,276.7751300237841,
5,4714,,1031.4067631120147,343.57018114592455,,1023.4146304989838,339.46882586864115,,988.4475708007812,331.8917236328125,,956.9519593648162,324.2535154886995,,953.1111271178859,320.7700092174224,
6,4714,,1632.3839264351857,406.21746061053227,,1626.3264834267698,396.05256520953844,,1600.4952862657933,364.73622254509024,,1558.5849379839403,343.57002126422594,,1551.9852294921875,340.4578106798558,
7,4714,,212.91314697265625,313.02020263671875,,216.02032368754715,307.3726617998678,,240.42497958436053,296.2851257324219,,270.7728153127364,289.94243219427284,,276.3614313311178,288.76829648988786,
8,4714,,566.8468695280402,447.2924420236697,,573.1853796245357,440.0595284998839,,568.4245605,392.2618713378906,,554.2229659857478,350.50141847116737,,551.9519043,344.0062255859375,
9,4714,,749.0912128853979,409.06915144351393,,751.8164063,400.1171875,,740.1491699,364.0691833496094,,725.5373174539119,332.16905628460825,,720.9026156411028,324.67010359195143,
10,4714,,464.6059875488281,412.8374938964844,,465.82144124133146,405.9865710384474,,476.5544434,360.5389404296875,,482.07606363176933,315.27804974488885,,486.1001969001783,306.91510786978097,
11,4714,,1360.199744153599,388.8042180758415,,1367.1896158390477,387.3303409861395,,1411.849807213859,371.57999918183816,,1435.545814921311,337.42004714928356,,1435.5971133947712,330.6330116785594,
12,4714,,1642.8863461311203,176.6030273,,1643.5717741397789,183.97103561438828,,1630.3287545753888,210.40502690720552,,1610.3861693803585,245.04894775240777,,1609.5938555183993,246.9277187311655,
13,4714,,512.1585402118037,269.7711323148677,,504.87962546374234,272.56380091673213,,481.26984345647725,292.4039541509447,,454.66335879319956,335.2598520262315,,449.4054865812858,344.8789360130164,
1,4738,,1537.4629802343986,327.6936367030255,,1541.2258791029465,325.27495026884094,,1580.816650390625,329.07061767578125,,1621.0065414018256,353.53969627205333,,1624.4848003479788,354.2288141036149,
2,4738,,202.19410479224769,285.5524638104506,,201.33858237113594,279.7877573700479,,184.6054688,260.5989990234375,,174.1855961167999,224.69602143268324,,173.38284561665267,220.24734323798674,
3,4738,,561.7846409530266,223.41847611731447,,562.3736751840389,235.26964885627314,,538.8563973,272.78370903091997,,496.1813473725564,300.38527889628494,,491.6443456,301.0668424566044,
4,4738,,145.26450224977478,374.8658717787079,,142.27821869912563,368.01721061452525,,157.31276710929578,329.81121071281143,,161.77305126530348,287.82237729901436,,161.42886612446517,280.70558782706723,
5,4738,,1042.9677581983342,336.51853942216985,,1031.190482140148,336.71234892817665,,997.9794692240938,335.8849258455557,,963.9517211390776,325.5803222917894,,957.6601098345517,315.8129928993103,
6,4738,,1628.7254155561463,373.0615984246686,,1620.4753258551011,370.89703187769476,,1579.7017816126138,351.8550374765623,,1542.8288068972013,336.11316584871935,,1533.6418905726366,330.48716685146366,
7,4738,,205.6670173207022,317.9794498242949,,211.47647992734005,312.2307129,,236.83331298828125,293.3398438,,270.5012979,289.8177447159368,,274.9233599393055,288.90435898703146,
8,4738,,569.2200251373405,459.7569844115758,,571.1901826131236,450.8867742044656,,572.6404485,399.70081739906834,,554.1457541534386,355.4065537089055,,550.6123076212515,344.33206030070244,
9,4738,,760.6074829101562,412.4342041015625,,761.3496628,403.7990188631338,,740.4867553710938,364.98944091796875,,725.3568878500882,332.2133789,,721.3956604396373,326.0768279833064,
10,4738,,467.5982963857027,395.9636594319561,,465.6296342712477,386.3094512,,464.9807380108283,340.5312026246842,,494.5355461485955,311.1047585832375,,501.4445875926024,310.02296632882246,
11,4738,,1362.2588788647618,370.69033288334714,,1368.9595077398951,375.2055309799291,,1412.3542592721576,370.4132901,,1432.6539306640625,340.0199234124485,,1434.1115512228566,332.37030029296875,
12,4738,,1635.3757414868683,186.00368311272587,,1639.545943001802,190.74438875990757,,1627.7275670669678,212.3273585599884,,1614.5569082375962,243.1843919641449,,1614.6967412617373,245.94328631250613,
13,4738,,554.5136563196394,242.20185308689796,,550.1500567338275,244.46554387456956,,520.1308077653341,264.98853242132094,,480.7305050266087,300.08232120322714,,474.6787147873714,300.46092707048876,
1,4806,,1490.7603938609716,279.27424097050033,,1497.4821098574694,283.4521920431601,,1528.2318115234375,301.6089782714844,,1565.2183792902415,326.20821144383586,,1571.074294685895,327.02411474698954,
2,4806,,201.61185168554312,298.41391579047087,,194.9071232530427,297.1782227,,183.86318969726562,264.82147216796875,,177.31293228468928,229.95440631839827,,176.66786739695507,227.87997016640475,
3,4806,,647.3003584597146,272.5816589,,637.8262877,268.69295820433535,,595.5937928373705,274.23946899304786,,557.6350695795318,299.13273293150644,,555.6281552947877,300.5289488618482,
4,4806,,137.07421791023407,401.27002681226276,,138.23582248554612,391.8521513,,152.24896240234375,344.16888427734375,,160.49082134699475,292.70908796133784,,160.18030708898766,279.4706938784505,
6,4806,,1559.8746604037651,337.63067278219944,,1552.5095707026635,335.1320936293285,,1522.6070152990944,323.58632320665515,,1498.1063793082385,299.72834296286635,,1489.7697741424504,288.22091068860146,
7,4806,,210.51324043007662,325.51722423367085,,211.66314697265625,316.3094482421875,,235.91445922851562,295.8252868652344,,270.0085928,292.7785339355469,,273.4121961660194,290.6469908542198,
8,4806,,569.3222381780931,461.02066347106194,,569.7491790960619,451.29652107174763,,573.5461167611212,402.2800217147642,,556.1447754,360.4903869628906,,550.0408218667491,347.5817946914858,
9,4806,,722.7475224221257,419.7314713086251,,729.7742320896242,414.46736540981135,,739.7476806640625,375.8876647949219,,725.6541906253135,338.13980441425065,,721.6345983401573,332.9210691112027,
10,4806,,456.53570556640625,404.46173095703125,,456.79669189453125,396.1339111328125,,461.1527267550622,345.2454543216277,,479.8820786373567,306.82328335786025,,482.0261438,304.58435210581143,
11,4806,,1384.434326171875,417.1150021234034,,1387.6412234625343,408.5184326171875,,1408.413196118784,373.9796007787697,,1433.9184526767503,341.31859321661113,,1434.3661903394723,333.0323205002561,
12,4806,,1651.0425950045337,178.80535729670424,,1647.9450564703466,185.09318799955815,,1632.2644507243165,208.25558471679688,,1611.827652962278,233.15375588812964,,1608.1483047151298,236.9277732,
13,4806,,635.0691256888881,250.36155838743719,,627.8208376826788,251.03356157878616,,590.2569061761124,258.12701719877333,,550.8982024752264,286.3006957306975,,549.3599383904003,288.3966250137507,
1,4951,,1386.426397372135,368.2402193715115,,1395.1888520063535,368.0857849121094,,1424.3387451171875,348.0219727,,1436.4301740500782,310.79803062856803,,1436.6817626953125,304.33367919921875,
2,4951,,176.57384002988903,334.34485370599384,,176.67429235048098,324.10160549246655,,175.5883724890209,288.5134544169845,,177.8156427940948,250.36629851654723,,176.52758403644535,244.26438903808594,
3,4951,,795.1984343977113,283.8424072265625,,787.9033203,284.89031982421875,,743.8441782640782,300.2650146484375,,700.5438221342272,306.11387695701865,,693.2259883263471,307.19340908949323,
4,4951,,149.92900790768087,347.12453941505265,,147.9890137,339.56626776848674,,151.7359619140625,296.16994727155657,,159.84579467773438,252.3551788330078,,159.28412967921963,239.66823891806388,
5,4951,,1041.058594,416.07501220703125,,1044.4447021484375,405.3331999021811,,1056.7564697265625,372.3864746,,1061.2169189453125,340.65472412109375,,1061.38623,336.10235595703125,
6,4951,,1622.736962712967,279.75741281974194,,1615.767468749947,286.5719701927358,,1584.5782470703125,320.3344421386719,,1558.548328302605,346.3545468750265,,1551.6247622524124,343.87040167672484,
7,4951,,204.40949102824874,339.22768394912686,,209.07715290265037,334.7241876793552,,224.52609252929688,303.6778564453125,,265.2163770229107,292.4239807128906,,269.6009962249876,289.00438250857434,
8,4951,,544.4932250976562,437.2324219,,548.8451133094053,430.99277617010034,,573.7796188117075,396.64151459531627,,550.0609917933258,360.0070184702216,,547.5176579778824,352.9569396972656,
9,4951,,772.3832726001225,308.2596684119341,,766.2500383938302,313.2641386228843,,740.5140991210938,340.7454952494313,,711.3357430738681,317.94782281765833,,699.4866184151772,316.65382557474453,
10,4951,,540.1109242786099,347.50205752308057,,532.0042348254849,345.27791360237404,,492.65386962890625,360.0617676,,456.2564697265625,352.92144775390625,,456.9745734577889,347.32565193067757,
11,4951,,1287.5449274027187,353.2184128095243,,1294.856189655815,354.7512272,,1335.4137720620392,369.3958361,,1374.2994840801807,364.0066354427543,,1377.2729381633123,360.7328891969932,
12,4951,,1616.9447491595492,144.79630362623803,,1619.9956440028147,150.86823435600564,,1611.7705542399417,183.97360229492188,,1619.323744895181,226.61618907578065,,1619.9335925958856,231.20519753044323,
13,4951,,898.2677805479141,286.7547958121369,,890.5535504733572,282.9379012808869,,855.1192560475508,275.40466653034844,,816.8154782940329,260.01902365130474,,813.5173171239105,256.87063242138703,
1,5259,,1367.4569091796875,376.5956726074219,,1372.4937744140625,379.8114929199219,,1412.2209619430532,371.2245131713786,,1432.3147946319682,337.4275095626902,,1435.7416451599242,328.8328464,
2,5259,,197.31369751658775,299.68756773427316,,191.7202938518713,299.6804901853446,,174.18256481400041,280.2654131569271,,185.9431628,247.44192651784934,,188.47820777428822,243.37569346803338,
3,5259,,991.2660473700921,446.36234008107965,,994.5277197129408,437.8336828562199,,994.2084423725962,391.9609338429988,,984.5736718715946,343.1332959052484,,980.2163086,336.3051758,
4,5259,,257.4106822233901,309.4623556063384,,253.11764523798217,302.44653855835685,,225.48892029981045,274.17431276758964,,214.43872158710042,243.89030363007492,,213.05539478521834,237.49895790539767,
5,5259,,1074.569715557442,317.0344335375598,,1077.963997790815,312.35466427939684,,1098.473886705128,287.2617150929988,,1097.1121667701825,254.50524049043474,,1096.6976135509317,251.72035217285156,
6,5259,,1630.996688699367,140.52378263853967,,1625.512060256968,147.07664969175417,,1610.5588865737968,167.28473379819948,,1608.189980787647,207.4675099685598,,1609.8303276412794,210.89730602416586,
7,5259,,188.22059631347656,344.5166931152344,,192.45895385742188,340.6510009765625,,215.5331268310547,316.5391845703125,,240.3473619784466,301.6543454644424,,246.64629809055842,305.1290848330465,
8,5259,,539.6482992234008,365.990187,,544.8287353515625,369.32855224609375,,563.8981238749532,367.0654227,,537.7604962091602,339.8459609,,533.6283565992131,335.7630874,
9,5259,,1190.705347864633,327.4015026668168,,1181.2230407459435,329.2849963055387,,1142.0276293366383,338.2276220822317,,1104.2551281721253,342.42104493038863,,1096.572998046875,347.8563232421875,
10,5259,,778.9357356,288.6418762207031,,771.3474149008831,293.4723686529642,,732.1277457,308.8319396972656,,686.7046647608423,324.9903860197872,,680.6050664762704,322.41481710273104,
11,5259,,1150.9864441003106,324.03225825651015,,1148.3135949758112,315.7199218579726,,1149.5091589304388,268.8471398891727,,1165.3991723598758,236.04835388353868,,1166.7201447741852,234.30833735908897,
12,5259,,1591.5331794480821,69.69184296,,1597.5165793351161,67.47504128745294,,1631.8084684783348,73.85403240840523,,1637.8719364638273,116.39787323482533,,1633.1036792510117,123.5379137499539,
13,5259,,1300.4066144811168,340.85639974123353,,1289.2825203415941,342.66209797831283,,1248.1730272688296,326.65544300625936,,1226.6010474007414,280.5450415073117,,1225.2768690424887,275.5901758579495,
1,5369,,1359.3667926299802,289.3461144522695,,1365.9934150986828,289.3117678473377,,1404.187916902757,301.51029371630716,,1441.9754999602533,311.39607916164334,,1450.8478138749529,314.2853804855964,
2,5369,,188.6719970703125,311.78924560546875,,185.530663,304.1256181,,168.63076782226562,275.6693115234375,,149.6824493408203,243.64743041992188,,145.24751626667614,237.17710171063698,
3,5369,,1001.2054443359375,456.08990478515625,,1000.4561767578125,448.1322326660156,,992.8624267578125,404.2037353515625,,992.6888094989458,355.9927062988281,,990.7701381434499,344.0295930309594,
4,5369,,286.9490224087485,299.44814411007013,,287.0966634728377,293.4622388,,256.2750549316406,280.3963928222656,,219.1669218786957,276.4096594889911,,216.24299263299503,274.7025089,
5,5369,,1081.2332729090751,350.9914502176146,,1081.0750434258082,341.9095188389719,,1087.767578,304.6419982910156,,1102.797881378879,273.7346066626906,,1101.9751704681419,264.5497131347656,
6,5369,,1620.11326,276.9204025716115,,1619.5232312825674,271.47733320311573,,1622.4253426269483,231.0628472493412,,1604.927490234375,195.80325317382812,,1601.297119140625,188.5852051,
7,5369,,219.68714141066624,305.3701803677883,,224.99303021106635,304.3294184384475,,251.9082272208472,299.3350323156628,,284.64493389045185,301.3495728012139,,290.3412710883275,299.75261326240195,
8,5369,,543.6791992,440.3960876464844,,547.9633178710938,432.4549865722656,,572.3565322796837,397.06658018436747,,550.4571490406729,354.94688184742347,,549.313786,345.1122567153029,
9,5369,,1335.2692881862258,294.0158715375461,,1329.4176515506974,296.4401199378909,,1285.0064697265625,300.4372253417969,,1253.5965934410403,317.5888958465823,,1249.0382389245676,320.4112696987933,
10,5369,,886.7335286190113,276.5034138011305,,881.2045803883098,275.0311672305852,,832.5299682617188,268.5456848144531,,788.1497890567571,281.5536716366023,,782.7897645163171,282.46948230985487,
11,5369,,1192.350586,327.9565734863281,,1185.1197509765625,327.30127509295926,,1155.120282253325,307.50427451665223,,1150.7723485882082,269.98049996877705,,1150.6691859950126,264.0966928666333,
12,5369,,1524.8291250613424,38.39236678451711,,1533.2793682729605,39.54196997839276,,1566.8255300015417,39.27470668430854,,1585.7842102734958,66.06952579926512,,1589.1591240504874,70.57786292997834,
13,5369,,1337.0687255859375,340.8360900878906,,1328.9439697265625,344.8758850097656,,1296.6766357421875,344.6363525390625,,1281.9770582152332,312.9182097120587,,1283.010447893481,303.57045714147495,
1,5516,,1171.7771054408558,343.6728654438792,,1173.1907516067608,334.83572620265113,,1212.8672173010868,323.2955429240002,,1247.814409133788,310.12120513193054,,1255.0070758742156,306.0926206831118,
2,5516,,192.00478341388003,350.67504769266833,,184.1769366444009,345.1720313219458,,180.07820029978905,312.7127918007011,,175.13352707002076,279.28984208195357,,177.93890745973889,274.84583462550074,
3,5516,,984.6726947384132,441.8111545,,989.6631977287738,432.28719227172246,,994.7262938940196,389.5902068141586,,987.2896891102457,349.468699,,986.0230779880885,343.55581399764105,
4,5516,,336.69595572597416,392.52055984810085,,340.95026387461286,385.54410995077853,,321.82250555868376,351.61143690293414,,308.9212912852769,321.43004094270606,,309.6638647377554,315.8072866649734,
5,5516,,1101.513839664664,375.6107135239664,,1094.943023810547,368.90276415474426,,1092.567989532758,336.60297962403655,,1101.432605433388,302.6690405799102,,1098.5116202817878,297.0435637270871,
6,5516,,1592.0362525109956,314.18714674336786,,1596.6322150052351,311.1696016,,1620.6273964987604,284.5623635397763,,1624.936379,242.69021537263342,,1621.2260981446632,237.2296229249366,
7,5516,,186.7004227,306.47204189467624,,188.59723722420011,301.5583989345936,,208.9574974211439,277.6450738676274,,236.4283617765698,298.1497912224302,,243.65404274608713,299.30483116705636,
8,5516,,573.7786886907547,372.5313154502071,,569.1841500642922,377.1815995862635,,550.9363179919945,359.9512774,,542.5223424212899,327.29297591492104,,541.9591857457199,321.55823157146585,
9,5516,,1452.3612060546875,211.89723205566406,,1452.3040771484375,219.6927490234375,,1441.1287847600738,254.56001486313772,,1405.2745554007834,279.51276636856585,,1399.6529719185676,279.2642432645774,
10,5516,,977.2871971276065,345.12827671138916,,971.1994537017572,339.96847213663966,,931.9495642021633,308.68543753214055,,896.3137867225823,285.3491515383803,,890.6830179213121,284.47183311118806,
11,5516,,1349.8590975067425,299.4745866,,1337.7725194745651,299.30100833592815,,1295.968017578125,292.3892822265625,,1260.127685546875,296.0236511230469,,1252.0396728515625,296.14105224609375,
12,5516,,1650.6889716844369,248.98214043135604,,1643.3758358600555,242.7289057700961,,1618.8304458828432,208.9982835,,1608.7682102025055,173.14240070910972,,1606.0495825659102,169.33910535630153,
13,5516,,1301.5355000008421,320.1613189454371,,1294.1623310555296,326.5312780993019,,1259.7993172768295,346.5193990620469,,1219.1413001201104,343.4390102187901,,1211.9173190134616,344.10957777766544,
1,5629,,1112.3879049519714,349.0259797771617,,1120.4722900390625,344.81817626953125,,1159.6128619710576,332.3638000488281,,1196.6929931640625,316.17012624937274,,1203.3265407184867,313.9754652182137,
2,5629,,184.7727684,345.2539576036671,,188.7493139847778,334.2974072693637,,179.73117065429688,309.0135803222656,,177.6466295973372,282.15742376878995,,176.1363310726879,276.9546315,
3,5629,,1030.9129400352376,355.91165559490366,,1019.5926408369903,354.34972084561207,,988.5639994144068,352.09668367107554,,996.5398957232835,317.1972231566952,,999.0587237179603,314.4945094684868,
4,5629,,345.6217170528944,433.1317007669537,,343.2827250857931,425.92737861465673,,343.8901672363281,388.09832763671875,,326.95000327500617,350.2568404035125,,323.3964623427412,343.7739083639056,
5,5629,,1089.920380920195,392.1176227132448,,1089.5039593180054,384.2893756429323,,1092.85791,352.97674560546875,,1096.330255895867,318.1322207,,1096.4959716796875,309.64837646484375,
6,5629,,1467.6112182310212,384.9719442422739,,1462.7364186412822,377.12406426579776,,1488.3953857421875,340.7756652832031,,1521.8603928053785,321.3826073220589,,1528.169567840396,313.6004312767051,
7,5629,,157.03151435376103,232.20926346720051,,156.86305500657528,237.80195040158378,,165.83909428108245,265.3313622,,196.4068581308975,279.8291795274301,,201.5923842719523,280.6776163949007,
8,5629,,745.7484847207941,368.5325927734375,,740.1646728515625,360.61297607421875,,712.1877441,332.0970764160156,,674.5943974852655,320.24905793865366,,667.3596616089299,317.73262354732026,
9,5629,,1628.9583336097207,333.2991310321913,,1622.8943106328802,332.1203712242638,,1584.7961652724687,315.6124768603778,,1544.4716151822083,317.80963771985773,,1536.7930933077978,319.1845267894266,
10,5629,,971.4683307210573,330.78072985014563,,964.9992941121275,325.8859093586666,,932.5048828,307.8567199707031,,894.5181380411068,281.87258647877877,,888.8400268554688,280.1204528808594,
11,5629,,1429.2302807615497,294.50465440979553,,1420.7848305479197,296.4097890637548,,1396.5751388377332,296.0377395188401,,1367.6745112734714,280.36520323555055,,1362.4016630890137,278.90141708277486,
12,5629,,1579.6558798684491,294.7907772758628,,1586.720091550379,295.27807789842086,,1616.9212646484375,284.29882058463113,,1623.8516332964077,251.68189452687648,,1617.0731120286202,250.26807715456042,
13,5629,,1168.8232899904067,344.1851156453307,,1176.864013671875,343.2373047,,1228.2660891712871,343.76376817094894,,1276.438244611577,340.76408062374543,,1280.5652905708343,337.0996917485634,